-- Sample Data for New Saptari Madira Trader
-- Run this file to populate the database with sample data

-- First, let's add more customers (15 additional)
INSERT INTO customers (name, phone, email, address, company_name) VALUES 
('Everest Hotel', '9841000005', 'everest@hotel.com', 'Lalitpur', 'Everest Hotels Pvt. Ltd.'),
('Mountain Bar', '9841000006', 'mountain@bar.com', 'Bhaktapur', 'Mountain Entertainment'),
('Sunrise Restaurant', '9841000007', 'sunrise@restaurant.com', 'Kavre', 'Sunrise Dining Co.'),
('Valley Wholesale', '9841000008', 'valley@wholesale.com', 'Lalitpur', 'Valley Traders'),
('Tara Hotel', '9841000009', 'tara@hotel.com', 'Pokhara', 'Tara Hospitality'),
('Friends Bar & Lounge', '9841000010', 'friends@lounge.com', 'Kathmandu', 'Friends Group'),
('Hotel Blue Star', '9841000011', 'bluestar@hotel.com', 'Birgunj', 'Blue Star Hotels'),
('Riverside Restaurant', '9841000012', 'riverside@restaurant.com', 'Chitwan', 'Riverside Dining'),
('City Center Bar', '9841000013', 'citycenter@bar.com', 'Kathmandu', 'City Center Entertainment'),
('Premier Wholesale', '9841000014', 'premier@wholesale.com', 'Rajbiraj', 'Premier Trading'),
('Hotel Grand', '9841000015', 'grand@hotel.com', 'Birtamode', 'Grand Hospitality'),
('Party Palace', '9841000016', 'partypalace@events.com', 'Lalitpur', 'Party Palace Events'),
('Club 97', '9841000017', 'club97@club.com', 'Pokhara', 'Club 97 Entertainment'),
('Royal Restaurant', '9841000018', 'royal@restaurant.com', 'Birgunj', 'Royal Dining'),
('Metro Bar', '9841000019', 'metro@bar.com', 'Kathmandu', 'Metro Nightclub');

-- Insert sample orders with different dates and statuses
INSERT INTO orders (customer_id, godown_id, total_amount, status, created_at) VALUES 
(1, 1, 45000, 'completed', '2024-01-01'),
(2, 1, 28000, 'completed', '2024-01-03'),
(3, 1, 52000, 'completed', '2024-01-05'),
(4, 1, 35000, 'completed', '2024-01-08'),
(1, 1, 18000, 'completed', '2024-01-10'),
(5, 1, 42000, 'completed', '2024-01-12'),
(6, 1, 25000, 'completed', '2024-01-15'),
(7, 1, 68000, 'completed', '2024-01-18'),
(2, 1, 32000, 'completed', '2024-01-20'),
(8, 1, 45000, 'completed', '2024-01-22'),
(9, 1, 28000, 'pending', '2024-01-25'),
(10, 1, 55000, 'completed', '2024-01-27'),
(4, 1, 38000, 'completed', '2024-01-29'),
(11, 1, 62000, 'completed', '2024-02-01'),
(12, 1, 24000, 'completed', '2024-02-03'),
(3, 1, 48000, 'processing', '2024-02-05'),
(13, 1, 36000, 'completed', '2024-02-08'),
(14, 1, 52000, 'completed', '2024-02-10'),
(5, 1, 29000, 'completed', '2024-02-12'),
(15, 1, 44000, 'completed', '2024-02-15'),
(6, 1, 58000, 'completed', '2024-02-18'),
(7, 1, 33000, 'pending', '2024-02-20'),
(8, 1, 46000, 'completed', '2024-02-22'),
(9, 1, 27000, 'completed', '2024-02-25'),
(10, 1, 51000, 'completed', '2024-02-27'),
(1, 1, 39000, 'completed', '2024-03-01'),
(2, 1, 23000, 'completed', '2024-03-03'),
(11, 1, 57000, 'completed', '2024-03-05'),
(12, 1, 31000, 'completed', '2024-03-08'),
(13, 1, 49000, 'pending', '2024-03-10');

-- Insert order items for each order
INSERT INTO order_items (order_id, product_id, quantity, unit_price, carton_quantity, carton_size) VALUES 
(1, 1, 10, 4500, 10, 12),
(2, 13, 8, 4500, 8, 12),
(3, 1, 6, 4500, 6, 12),
(3, 18, 10, 1500, 10, 12),
(4, 14, 10, 3200, 10, 12),
(5, 7, 12, 1500, 12, 12),
(6, 1, 8, 4500, 8, 12),
(6, 16, 4, 2500, 4, 12),
(7, 13, 5, 4500, 5, 12),
(8, 1, 10, 4500, 10, 12),
(8, 19, 8, 2200, 8, 12),
(9, 14, 10, 3200, 10, 12),
(10, 1, 10, 4500, 10, 12),
(11, 7, 18, 1500, 18, 12),
(12, 1, 8, 4500, 8, 12),
(12, 18, 10, 1500, 10, 12),
(13, 14, 12, 3200, 12, 12),
(14, 1, 10, 4500, 10, 12),
(14, 20, 6, 2500, 6, 12),
(15, 7, 16, 1500, 16, 12),
(16, 1, 8, 4500, 8, 12),
(16, 13, 4, 4500, 4, 12),
(17, 14, 10, 3200, 10, 12),
(18, 18, 20, 1500, 20, 12),
(19, 1, 6, 4500, 6, 12),
(19, 16, 4, 2500, 4, 12),
(20, 7, 15, 1500, 15, 12),
(21, 1, 10, 4500, 10, 12),
(21, 19, 6, 2200, 6, 12),
(22, 14, 10, 3200, 10, 12),
(23, 13, 8, 4500, 8, 12),
(24, 7, 12, 1500, 12, 12),
(25, 1, 8, 4500, 8, 12),
(25, 18, 10, 1500, 10, 12),
(26, 14, 12, 3200, 12, 12),
(27, 7, 15, 1500, 15, 12),
(28, 1, 10, 4500, 10, 12),
(28, 16, 6, 2500, 6, 12),
(29, 18, 18, 1500, 18, 12),
(30, 1, 8, 4500, 8, 12);

-- Insert payments with different types and dates
INSERT INTO payments (order_id, customer_id, amount, payment_method, status, transaction_id, notes, created_at) VALUES 
(1, 1, 45000, 'cash', 'paid', 'TXN001', 'Full payment received', '2024-01-02'),
(2, 2, 28000, 'bank_transfer', 'paid', 'TXN002', 'Payment via bank', '2024-01-04'),
(3, 3, 52000, 'cheque', 'paid', 'TXN003', 'Cheque deposited', '2024-01-06'),
(4, 4, 35000, 'cash', 'paid', 'TXN004', 'Full payment', '2024-01-09'),
(5, 1, 18000, 'bank_transfer', 'paid', 'TXN005', 'Online transfer', '2024-01-11'),
(6, 5, 42000, 'cash', 'paid', 'TXN006', 'Full payment received', '2024-01-13'),
(7, 6, 25000, 'credit', 'paid', 'TXN007', 'Credit payment', '2024-01-16'),
(8, 7, 68000, 'bank_transfer', 'paid', 'TXN008', 'Bank transfer', '2024-01-19'),
(9, 2, 32000, 'cash', 'paid', 'TXN009', 'Cash payment', '2024-01-21'),
(10, 8, 45000, 'cheque', 'paid', 'TXN010', 'Cheque cleared', '2024-01-23'),
(11, 9, 28000, 'bank_transfer', 'pending', 'TXN011', 'Awaiting confirmation', '2024-01-26'),
(12, 10, 55000, 'cash', 'paid', 'TXN012', 'Full payment', '2024-01-28'),
(13, 4, 38000, 'credit', 'paid', 'TXN013', 'Credit cleared', '2024-01-30'),
(14, 11, 62000, 'bank_transfer', 'paid', 'TXN014', 'Online transfer', '2024-02-02'),
(15, 12, 24000, 'cash', 'paid', 'TXN015', 'Cash received', '2024-02-04'),
(16, 3, 48000, 'cheque', 'pending', 'TXN016', 'Cheque under clearance', '2024-02-06'),
(17, 13, 36000, 'bank_transfer', 'paid', 'TXN017', 'Transfer complete', '2024-02-09'),
(18, 14, 52000, 'cash', 'paid', 'TXN018', 'Full payment', '2024-02-11'),
(19, 5, 29000, 'credit', 'paid', 'TXN019', 'Credit payment', '2024-02-13'),
(20, 15, 44000, 'bank_transfer', 'paid', 'TXN020', 'Online transfer', '2024-02-16'),
(21, 6, 58000, 'cash', 'paid', 'TXN021', 'Cash payment', '2024-02-19'),
(22, 7, 33000, 'cheque', 'pending', 'TXN022', 'Awaiting clearance', '2024-02-21'),
(23, 8, 46000, 'bank_transfer', 'paid', 'TXN023', 'Transfer complete', '2024-02-23'),
(24, 9, 27000, 'cash', 'paid', 'TXN024', 'Cash received', '2024-02-26'),
(25, 10, 51000, 'credit', 'paid', 'TXN025', 'Credit payment', '2024-02-28'),
(26, 1, 39000, 'bank_transfer', 'paid', 'TXN026', 'Online transfer', '2024-03-02'),
(27, 2, 23000, 'cash', 'paid', 'TXN027', 'Cash payment', '2024-03-04'),
(28, 11, 57000, 'cheque', 'paid', 'TXN028', 'Cheque cleared', '2024-03-06'),
(29, 12, 31000, 'bank_transfer', 'paid', 'TXN029', 'Transfer complete', '2024-03-09'),
(30, 13, 49000, 'cash', 'pending', 'TXN030', 'Awaiting payment', '2024-03-11');

-- Insert transactions for balance sheet (expenses/purchases)
INSERT INTO transactions (type, amount, description, reference_id, created_at) VALUES 
('expense', 150000, 'Stock purchase - Whisky bulk order', 1, '2024-01-02'),
('expense', 80000, 'Stock purchase - Vodka order', 2, '2024-01-08'),
('expense', 120000, 'Stock purchase - Rum and Gin', 3, '2024-01-15'),
('expense', 200000, 'Stock purchase - Premium brands', 4, '2024-01-22'),
('expense', 95000, 'Stock purchase - Wine collection', 5, '2024-01-29'),
('expense', 180000, 'Stock purchase - Beer stock', 6, '2024-02-05'),
('expense', 75000, 'Stock purchase - Vodka restock', 7, '2024-02-12'),
('expense', 110000, 'Stock purchase - Mixed spirits', 8, '2024-02-19'),
('expense', 140000, 'Stock purchase - Whisky order', 9, '2024-02-26'),
('expense', 85000, 'Stock purchase - Gin and Wine', 10, '2024-03-04'),
('expense', 220000, 'Stock purchase - Premium spirits', 11, '2024-03-11'),
('income', 25000, 'Rental income - warehouse space', NULL, '2024-01-15'),
('income', 15000, 'Miscellaneous income', NULL, '2024-02-20'),
('expense', 35000, 'Transportation costs', NULL, '2024-01-10'),
('expense', 28000, 'Warehouse rent', NULL, '2024-02-01'),
('expense', 28000, 'Warehouse rent', NULL, '2024-03-01'),
('expense', 45000, 'Staff salaries', NULL, '2024-01-31'),
('expense', 45000, 'Staff salaries', NULL, '2024-02-29'),
('expense', 50000, 'Staff salaries', NULL, '2024-03-15'),
('expense', 15000, 'Utility bills', NULL, '2024-01-20'),
('expense', 12000, 'Utility bills', NULL, '2024-02-20'),
('expense', 18000, 'Utility bills', NULL, '2024-03-20'),
('expense', 8500, 'Maintenance costs', NULL, '2024-01-25'),
('expense', 12000, 'Maintenance costs', NULL, '2024-02-15'),
('expense', 9500, 'Maintenance costs', NULL, '2024-03-10'),
('expense', 20000, 'Marketing expenses', NULL, '2024-01-18'),
('expense', 25000, 'Marketing expenses', NULL, '2024-02-15'),
('expense', 15000, 'Marketing expenses', NULL, '2024-03-12'),
('expense', 10000, 'Insurance premium', NULL, '2024-01-05'),
('expense', 10000, 'Insurance premium', NULL, '2024-02-05');

-- Update order statuses to match payment status
UPDATE orders SET status = 'completed' WHERE id IN (1,2,3,4,5,6,7,8,9,10,12,13,14,15,17,18,19,20,21,23,24,25,26,27,28,29);
UPDATE orders SET status = 'pending' WHERE id IN (11,22,30);
UPDATE orders SET status = 'processing' WHERE id IN (16);
